BestTaxon,Class,MFU-CPS-mock2-even-d1-1_S1,MFU-CPS-mock2-even-d1-2_S2,MFU-CPS-mock2-even-d1-3_S3,MFU-CPS-mock2-skew-d1-1_S9,MFU-CPS-mock2-skew-d1-2_S10,MFU-CPS-mock2-skew-d1-3_S11,MFU-CPS-mock3-even-d1-1_S4,MFU-CPS-mock3-even-d1-2_S5,MFU-CPS-mock3-even-d1-3_S6,MFU-CPS-mock3-skew-d1-1_S12,MFU-CPS-mock3-skew-d1-2_S13,MFU-CPS-mock3-skew-d1-3_S14,MFU-CPS-mock4-even-d1-1_S127,MFU-CPS-mock4-even-d1-2_S128,MFU-CPS-mock4-even-d1-3_S129,MFU-CPS-mock4-skew-d1-1_S130,MFU-CPS-mock4-skew-d1-2_S131,MFU-CPS-mock4-skew-d1-3_S132,MFU-CPSmock2-even-d10-1-h_S74,MFU-CPSmock2-even-d10-1-l_S128,MFU-CPSmock2-even-d10-2-h_S75,MFU-CPSmock2-even-d10-2-l_S129,MFU-CPSmock2-even-d10-3-h_S76,MFU-CPSmock2-even-d10-3-l_S130,MFU-CPSmock2-even-d100-1-h_S92,MFU-CPSmock2-even-d100-2-h_S93,MFU-CPSmock2-even-d100-3-h_S94,MFU-CPSmock2-even-d1000-1-h_S110,MFU-CPSmock2-even-d1000-2-h_S111,MFU-CPSmock2-even-d1000-3-h_S112,MFU-CPSmock2-skew-d10-1-h_S77,MFU-CPSmock2-skew-d10-1-l_S131,MFU-CPSmock2-skew-d10-2-h_S78,MFU-CPSmock2-skew-d10-2-l_S132,MFU-CPSmock2-skew-d10-3-h_S79,MFU-CPSmock2-skew-d10-3-l_S133,MFU-CPSmock2-skew-d100-1-h_S95,MFU-CPSmock2-skew-d100-2-h_S96,MFU-CPSmock2-skew-d100-3-h_S97,MFU-CPSmock2-skew-d1000-1-h_S113,MFU-CPSmock2-skew-d1000-2-h_S114,MFU-CPSmock2-skew-d1000-3-h_S115,MFU-CPSmock3-even-d10-1-h_S80,MFU-CPSmock3-even-d10-1-l_S134,MFU-CPSmock3-even-d10-2-h_S81,MFU-CPSmock3-even-d10-2-l_S135,MFU-CPSmock3-even-d10-3-h_S82,MFU-CPSmock3-even-d10-3-l_S136,MFU-CPSmock3-even-d100-1-h_S98,MFU-CPSmock3-even-d100-2-h_S99,MFU-CPSmock3-even-d100-3-h_S100,MFU-CPSmock3-even-d1000-1-h_S116,MFU-CPSmock3-even-d1000-2-h_S117,MFU-CPSmock3-even-d1000-3-h_S118,MFU-CPSmock3-skew-d10-1-h_S83,MFU-CPSmock3-skew-d10-1-l_S137,MFU-CPSmock3-skew-d10-2-h_S84,MFU-CPSmock3-skew-d10-2-l_S138,MFU-CPSmock3-skew-d10-3-h_S85,MFU-CPSmock3-skew-d10-3-l_S139,MFU-CPSmock3-skew-d100-1-h_S101,MFU-CPSmock3-skew-d100-2-h_S102,MFU-CPSmock3-skew-d100-3-h_S103,MFU-CPSmock3-skew-d1000-1-h_S119,MFU-CPSmock3-skew-d1000-2-h_S120,MFU-CPSmock3-skew-d1000-3-h_S121,MFU-CPSmock4-even-d10-1-h_S86,MFU-CPSmock4-even-d10-1-l_S140,MFU-CPSmock4-even-d10-2-h_S87,MFU-CPSmock4-even-d10-2-l_S141,MFU-CPSmock4-even-d10-3-h_S88,MFU-CPSmock4-even-d10-3-l_S142,MFU-CPSmock4-even-d100-1-h_S104,MFU-CPSmock4-even-d100-2-h_S105,MFU-CPSmock4-even-d100-3-h_S106,MFU-CPSmock4-even-d1000-1-h_S122,MFU-CPSmock4-even-d1000-2-h_S123,MFU-CPSmock4-even-d1000-3-h_S124,MFU-CPSmock4-skew-d10-1-h_S89,MFU-CPSmock4-skew-d10-1-l_S143,MFU-CPSmock4-skew-d10-2-h_S90,MFU-CPSmock4-skew-d10-2-l_S144,MFU-CPSmock4-skew-d10-3-h_S91,MFU-CPSmock4-skew-d10-3-l_S145,MFU-CPSmock4-skew-d100-1-h_S107,MFU-CPSmock4-skew-d100-2-h_S108,MFU-CPSmock4-skew-d100-3-h_S109,MFU-CPSmock4-skew-d1000-1-h_S125,MFU-CPSmock4-skew-d1000-2-h_S126,MFU-CPSmock4-skew-d1000-3-h_S127
Alosa sapidissima,Actinopteri,0,0,0,0,0,0,1992,2728,2391,2056,2470,2122,0,0,0,0,0,0,11,0,0,0,0,0,0,0,0,0,0,0,0,0,0,0,0,0,0,0,0,0,0,0,2688,26,282,44,3558,65,1648,1030,2770,851,177,0,5648,18,2267,42,1931,44,6371,2780,3911,719,2514,2057,25,0,4,0,7,0,0,0,0,0,0,0,0,0,0,0,0,0,0,0,0,0,0,0
Anoplopoma fimbria,Actinopteri,0,0,0,0,0,0,584,800,703,960,1003,930,0,0,0,0,0,0,0,0,0,0,0,0,0,0,0,0,0,0,0,0,0,0,0,0,0,0,0,0,0,0,854,5,120,11,1367,25,440,462,553,1129,141,1296,3263,9,1079,23,903,20,3283,916,2101,801,0,515,0,0,0,0,8,0,0,0,0,0,0,0,0,0,0,0,41,0,0,0,0,0,0,0
Artedius fenestralis,Actinopteri,0,0,0,0,0,0,0,0,0,0,0,0,9215,10440,17402,25587,24680,5602,0,0,0,0,0,0,0,0,0,0,0,0,0,0,0,0,0,0,0,0,0,0,0,0,0,0,0,0,0,0,0,0,0,0,0,0,0,0,0,0,0,0,0,0,0,0,0,0,24399,248,6340,240,8494,248,14473,6070,2609,1899,17135,6889,7820,69,4450,251,11785,179,9468,7087,5496,854,5607,12328
Artedius harringtoni,Actinopteri,0,0,0,0,0,0,0,0,0,0,0,0,10349,13629,20542,56452,56540,13765,0,0,0,0,0,0,0,0,0,0,0,0,0,0,0,0,0,0,0,0,0,0,0,0,0,0,0,0,0,0,0,0,0,0,0,0,0,0,0,0,0,0,0,0,0,0,0,0,26832,236,7194,275,10127,285,13929,6527,2074,1579,18301,2247,18107,151,8894,523,24584,259,24134,13023,12592,1477,9740,24041
Chitonotus pugetensis,Actinopteri,0,0,0,0,0,0,0,0,0,0,0,0,8746,10043,16901,29154,29247,6589,0,0,0,0,0,0,0,0,0,0,0,0,0,0,0,0,0,0,0,0,0,0,0,0,0,0,0,0,0,0,0,0,0,0,0,0,0,0,0,0,0,0,0,0,0,0,0,0,24491,282,6149,249,8809,223,18666,5880,2876,1284,17333,6270,9367,85,5309,270,15546,206,14905,9362,9643,2067,14778,20795
Citharichthys sordidus,Actinopteri,13908,13974,8926,13431,15635,13955,0,0,0,10,0,0,0,0,0,0,0,0,14606,123,30031,102,28386,135,3531,9615,6910,2828,32171,24457,5286,76,26658,280,17902,156,6691,10741,8232,44088,8935,7971,0,0,0,0,0,0,0,0,0,0,0,0,0,0,0,0,0,0,0,0,0,0,0,0,0,0,0,0,0,0,0,0,0,0,0,0,0,0,0,0,0,0,0,0,0,0,0,0
Citharichthys stigmaeus,Actinopteri,0,0,0,0,0,0,5756,8481,7300,9910,12305,11425,0,0,0,0,0,0,0,0,0,0,0,0,0,0,0,0,0,0,0,0,0,0,0,0,0,0,0,0,0,0,7211,42,770,85,10063,138,3344,2825,6507,8806,165,10537,27564,100,9965,139,8348,171,21499,9850,15076,8638,7725,9036,0,0,0,0,0,0,0,0,0,0,0,0,0,0,0,0,0,0,0,0,0,0,0,0
Microstomus pacificus,Actinopteri,3329,3525,2475,11418,13148,11957,0,0,0,0,0,0,0,0,0,0,0,0,4354,43,8400,29,8437,38,811,3222,2707,1661,20017,6958,4405,90,23439,204,14478,111,5516,9124,6250,28228,6974,12723,0,0,0,0,0,0,0,0,0,0,0,0,0,0,0,0,0,0,0,0,0,0,0,0,0,0,0,0,0,0,0,0,0,0,0,0,0,0,0,0,0,0,0,0,0,0,0,0
Clupea pallasii,Actinopteri,3644,3824,2698,609,711,666,0,0,0,0,0,0,580,676,1104,741,659,140,4582,53,9014,36,9345,49,1043,3135,3546,3,1084,1889,366,3,1682,19,1315,10,71,853,512,0,0,872,0,0,0,0,0,0,0,0,0,2140,0,0,0,0,0,0,0,0,0,0,0,293,0,0,1984,23,415,12,494,14,544,140,158,0,2,0,92,0,92,4,314,2,1135,81,317,17,0,2273
Cottus confusus,Actinopteri,6310,6611,4547,14057,16677,15207,0,0,0,0,0,0,1933,2137,3796,6774,6608,1452,6362,59,14286,80,14437,62,1601,4977,4318,2918,17909,11127,4693,65,27475,277,17094,121,6893,12440,7516,53322,4794,9192,0,0,0,0,0,0,0,0,0,0,0,0,0,0,0,0,0,0,0,0,0,0,0,0,6760,74,1627,45,2315,79,2474,2121,484,296,6475,530,2629,18,1205,72,3522,43,2737,1401,1837,722,0,4743
Diaphus theta,Actinopteri,19,16,18,5,0,0,0,0,0,0,0,0,0,0,0,0,0,0,30,0,0,0,0,0,0,0,0,0,0,0,4,0,0,0,0,0,0,0,0,0,0,0,0,0,0,0,0,0,0,0,0,0,0,0,0,0,0,0,0,0,0,0,0,0,0,0,0,0,0,0,0,0,0,0,0,0,0,0,0,0,0,0,0,0,0,0,0,0,0,0
Engraulis mordax,Actinopteri,11530,11246,8250,10330,11799,11191,9232,13567,12007,9047,10742,9435,4553,5123,9465,5988,5385,1344,12474,105,28431,109,27434,98,2775,10424,7916,4277,29833,14710,3689,62,21548,214,13307,114,4441,8491,6084,19989,4503,9591,11601,79,1231,147,15684,208,5702,4105,11309,13668,681,20242,26261,74,8791,135,7763,161,23753,9129,15429,7246,6984,6834,16699,161,4077,123,4957,136,11305,3989,1300,1150,8039,3903,2223,11,1055,57,3449,42,4013,858,1765,312,3085,3095
Enophrys bison,Actinopteri,0,0,0,0,0,0,0,0,0,0,0,0,831,1008,1632,4541,4584,1111,0,0,0,0,0,0,0,0,0,0,0,0,0,0,0,0,0,0,0,0,0,0,0,0,0,0,0,0,0,0,0,0,0,0,0,0,0,0,0,0,0,0,0,0,0,0,0,0,2700,25,700,21,956,33,1620,698,282,0,1217,384,1936,17,1063,61,2999,35,2892,1770,719,169,3262,3300
Gasterosteus aculeatus,Actinopteri,0,0,0,0,0,0,0,0,0,0,0,0,3005,3393,6177,10722,10407,2691,0,0,0,0,0,0,0,0,0,0,0,0,0,0,0,0,0,0,0,0,0,0,0,0,0,0,0,0,0,0,0,0,0,0,0,0,0,0,0,0,0,0,0,0,0,0,0,0,9172,89,2332,95,3371,109,5030,2454,1109,1760,1228,2913,4267,34,1988,105,5460,77,5692,4191,2678,832,4449,4405
Leptocottus armatus,Actinopteri,0,0,0,0,0,0,0,0,0,0,0,0,2313,2576,4487,3828,3754,934,0,0,0,0,0,0,0,0,0,0,0,0,0,0,0,0,0,0,0,0,0,0,0,0,0,0,0,0,0,0,0,0,0,0,0,0,0,0,0,0,0,0,0,0,0,0,0,0,7261,86,1780,65,2595,90,4580,1376,801,503,4822,559,1689,14,961,46,2219,36,1566,1773,1379,354,0,3441
Lumpenus sagitta,Actinopteri,0,0,0,0,0,0,0,0,0,0,0,0,1713,2029,3422,15987,16949,3734,0,0,0,0,0,0,0,0,0,0,0,0,0,0,0,0,0,0,0,0,0,0,0,0,0,0,0,0,0,0,0,0,0,0,0,0,0,0,0,0,0,0,0,0,0,0,0,0,5684,58,1742,76,1884,54,4141,1985,772,567,4140,2850,6301,52,2849,183,9130,136,6550,6170,4842,1254,7004,7074
Merluccius productus,Actinopteri,7709,8211,5370,2715,3192,2845,6904,11089,8518,3151,4083,3759,2953,3124,5833,2215,1935,501,7148,55,18250,82,16979,72,1303,6184,4746,1297,6727,7524,1124,22,6361,59,4237,37,1378,2205,1392,9444,774,1876,8080,39,838,97,10848,141,3650,2803,6314,11266,262,10492,9627,25,3394,30,3031,58,8526,3265,4518,1258,2723,423,11206,115,2497,82,3422,96,4681,2475,791,914,606,965,726,5,494,30,1658,28,1055,444,440,512,0,0
Nautichthys oculofasciatus,Actinopteri,0,0,0,0,0,0,0,0,0,0,0,0,3451,3841,6191,14736,13751,3128,0,0,0,0,0,0,0,0,0,0,0,0,0,0,0,0,0,0,0,0,0,0,0,0,0,0,0,0,0,0,0,0,0,0,0,0,0,0,0,0,0,0,0,0,0,0,0,0,10261,103,2412,82,3846,104,4763,2668,824,506,3360,1821,5063,28,2584,135,7389,91,7824,2976,3140,1514,5360,4476
Oncorhynchus keta,Actinopteri,5861,5986,3515,8158,10178,9160,0,0,0,0,0,0,3043,3749,5851,6069,6250,1333,5086,39,11307,59,10801,36,1305,4975,3618,2687,16783,7468,3079,56,15217,118,9223,68,4046,8142,4414,40067,4458,8264,0,0,0,0,0,0,0,0,0,0,0,0,0,0,0,0,0,0,0,0,0,0,0,0,7236,59,1959,71,3193,88,5305,1671,663,397,6126,2138,1945,0,998,52,3013,34,2189,933,828,0,2147,2271
Oncorhynchus kisutch,Actinopteri,0,0,0,0,0,0,3939,5929,4981,10253,12870,11148,2514,3081,4642,9975,10496,2500,0,0,0,0,0,0,0,0,0,0,0,0,0,0,0,0,0,0,0,0,0,0,0,0,4168,39,530,59,6023,104,2560,2075,3959,6101,202,12446,26657,81,9033,132,7649,169,29135,10777,15336,5556,7231,11913,6529,51,1575,53,2184,54,5587,1621,952,0,7327,1619,2928,19,2086,103,5070,75,5115,1812,1888,298,1154,3370
Oncorhynchus mykiss,Actinopteri,0,0,0,0,0,0,3339,5188,4225,2111,2730,2301,2993,3615,5740,6477,6473,1415,0,0,0,0,0,0,0,0,0,0,0,0,0,0,0,0,0,0,0,0,0,0,0,0,4032,38,530,77,5324,78,2432,2307,5142,7886,386,9480,6335,18,2006,32,1854,52,4798,2721,5009,1514,4420,2418,5223,40,1379,28,1895,38,1329,1372,421,199,1953,2505,1330,0,807,50,2204,34,1674,1510,1173,98,4668,3966
Oncorhynchus nerka,Actinopteri,16978,16812,10455,23013,28721,25981,0,0,0,0,0,0,7375,9346,14600,14604,14119,3310,15970,124,31841,105,33723,119,3922,10895,11385,4369,49490,24654,7768,119,41663,401,24134,184,11404,22053,12412,70919,13382,20270,0,0,0,0,0,0,0,0,0,0,0,0,0,0,0,0,0,0,0,0,0,0,0,0,19647,195,5393,190,7642,207,12249,5683,1549,999,17172,6151,4414,54,2333,135,6881,106,5278,2766,3689,122,3064,6460
Oncorhynchus tshawytscha,Actinopteri,2980,3255,2131,1293,1640,1576,2030,2890,2446,681,857,754,1152,1396,2262,1142,1238,398,3190,24,6983,34,7152,30,936,3049,1986,1407,13918,9673,506,17,2574,22,1607,0,1033,1451,845,1980,232,2339,2500,14,295,33,3318,50,1207,1040,2987,4748,155,11704,2145,11,585,0,696,23,2351,1376,1523,917,1023,1822,2730,21,771,24,1389,35,1922,831,284,60,3628,0,546,0,201,0,638,0,1718,180,84,344,0,0
Ophiodon elongatus,Actinopteri,0,7,0,0,5,0,3209,4492,3915,12880,15429,14329,0,0,0,0,0,0,0,0,0,0,0,0,0,0,0,0,0,0,0,0,0,0,0,0,0,0,0,0,0,0,4417,28,435,61,6036,93,1828,1580,4997,5670,299,9960,35053,110,11916,165,10781,223,29595,16942,21503,9060,9474,6616,0,0,0,0,0,0,0,0,0,0,0,0,0,0,0,0,0,0,0,0,0,0,0,0
Pholis laeta,Actinopteri,0,0,0,0,0,0,50,59,58,64,56,47,6952,7905,13779,4043,3872,958,0,0,0,0,0,0,0,0,0,0,0,0,0,0,0,0,0,0,0,0,0,0,0,0,101,0,5,0,116,0,42,0,194,0,0,0,158,0,82,0,56,0,387,81,159,0,0,0,22064,216,5365,218,8018,238,15782,3326,1819,1789,21712,6306,1594,7,740,46,2526,26,2532,1563,1587,706,1190,0
Sardinops sagax,Actinopteri,10074,10677,6943,1752,1936,1866,7983,11460,9729,1013,1170,1089,6559,6920,12595,2375,1693,503,11244,92,23876,103,23809,98,1980,9698,7668,1328,43324,9938,858,7,4802,72,3289,24,1682,2270,1054,6695,344,2911,9610,51,1017,145,13232,189,4117,4006,8454,13123,322,28736,3431,8,997,20,1081,22,4100,1554,1273,1277,1510,985,20427,181,5112,162,6945,176,9352,5021,1674,1495,7899,3276,929,4,407,20,1062,15,942,735,464,0,0,2077
Scomber japonicus,Actinopteri,9176,9491,6195,2838,3398,3153,6983,10992,8559,1048,1269,1147,0,0,0,0,0,0,9815,82,21743,80,20201,96,2389,6349,7703,1015,26521,3256,1191,27,6500,70,4148,38,1140,2505,1775,0,1439,3611,8499,51,1025,124,11896,128,3386,3636,7070,10723,523,15544,3094,11,1243,15,1060,21,2363,1372,2384,0,2018,0,0,0,0,0,0,0,0,0,0,0,0,0,0,0,0,0,0,0,0,0,0,0,0,0
Sebastes entomelas,Actinopteri,0,0,0,0,0,0,3914,5719,4643,11211,14471,12850,0,0,0,0,0,0,0,0,0,0,0,0,0,0,0,0,0,0,0,0,0,0,0,0,0,0,0,0,0,0,4725,32,550,57,5494,72,2078,2031,2902,2234,299,5161,31036,92,10503,147,9030,198,25740,11621,16622,2446,13262,8720,0,0,0,0,0,0,0,0,0,0,0,0,0,0,0,0,0,0,0,0,0,0,0,0
Stenobrachius leucopsarus,Actinopteri,0,0,0,6,3,0,21706,49071,35944,32586,29926,42340,0,0,0,0,0,0,0,0,0,0,0,0,0,0,0,0,0,0,2,0,0,0,12,0,0,0,0,0,0,0,34579,214,2806,395,46008,455,14928,12391,30014,22562,2059,34331,93850,167,30943,386,27258,542,82400,38806,50451,9834,30060,19181,0,0,0,0,0,0,0,0,0,0,0,0,0,0,0,0,0,0,0,0,0,0,0,0
Tactostoma macropus,Actinopteri,8338,8238,5476,13925,16958,15449,0,0,0,0,0,0,0,0,0,0,0,0,10085,69,21995,93,20646,79,2570,8294,7047,1179,8698,10935,5541,94,31406,309,19297,150,8541,13550,8072,41460,7739,11630,0,0,0,0,0,0,0,0,0,0,0,0,0,0,0,0,0,0,0,0,0,0,0,0,0,0,0,0,0,0,0,0,0,0,0,0,0,0,0,0,0,0,0,0,0,0,0,0
Tarletonbeania crenularis,Actinopteri,5519,5620,3443,6231,7008,6536,0,0,0,0,0,0,0,0,0,0,0,0,5233,41,12228,61,11155,54,1200,2445,2508,845,7187,2401,2530,35,13573,145,9857,63,3202,5739,2401,7145,4331,1626,0,0,0,0,0,0,0,0,0,0,0,0,0,0,0,0,0,0,0,0,0,0,0,0,0,0,0,0,0,0,0,0,0,0,0,0,0,0,0,0,0,0,0,0,0,0,0,0
Thaleichthys pacificus,Actinopteri,3408,3405,2376,222,260,217,0,0,0,0,0,0,85,117,169,177,185,37,4104,43,8803,46,9020,41,1112,4225,2618,0,17096,1153,104,0,754,13,523,5,221,677,140,0,335,543,0,0,0,0,0,0,0,0,0,0,0,0,19,0,8,2,0,0,0,0,0,0,0,0,216,2,78,3,120,6,202,54,22,0,0,0,127,0,22,4,202,7,318,0,198,0,0,0
Thunnus alalunga,Actinopteri,287,304,193,95,84,70,0,0,0,0,0,0,0,0,0,0,0,0,377,4,713,5,744,5,32,281,216,0,2231,0,45,0,174,3,142,0,0,0,118,0,0,0,0,0,0,0,0,0,0,0,0,0,0,0,0,0,0,0,0,0,0,0,0,0,0,0,0,0,0,0,0,0,0,0,0,0,0,0,0,0,0,0,0,0,0,0,0,0,0,0
Trachurus symmetricus,Actinopteri,1417,1496,1193,272,257,313,1413,1900,1549,109,102,136,660,764,1291,98,91,20,2229,17,3950,16,4179,22,469,1248,1702,243,13087,0,157,0,760,2,548,0,243,412,102,0,0,0,1839,19,200,24,2372,35,660,821,1709,1254,157,3269,277,0,124,0,139,4,126,293,60,0,372,0,1920,19,609,19,773,21,2135,569,283,942,4705,1322,49,0,46,0,32,0,0,0,0,0,0,0
Tursiops truncatus,Mammalia,0,0,0,0,0,0,0,0,0,0,0,0,97,98,217,1847,1798,447,0,0,0,0,0,0,0,0,0,0,0,0,0,0,0,0,0,0,0,0,0,0,0,0,0,0,0,0,0,0,0,0,0,0,0,0,0,0,0,0,0,0,0,0,0,0,0,0,1061,7,245,7,404,19,1011,336,123,161,360,389,1530,12,816,41,3204,42,2618,1583,2202,94,3223,1063
Zalophus californianus,Mammalia,0,0,0,0,0,0,0,0,0,0,0,0,98,88,173,1529,1454,341,0,0,0,0,0,0,0,0,0,0,0,0,0,0,0,0,0,0,0,0,0,0,0,0,0,0,0,0,0,0,0,0,0,0,0,0,0,0,0,0,0,0,0,0,0,0,0,0,1174,10,237,11,303,9,527,242,8,33,212,33,1524,7,835,49,2415,24,2250,763,1023,63,667,314