Mock_name,Even_skew,Species,Expected_mtDNA_prop,Qubit_for_ddPCR_ng_ul,ddPCR_copies_ul,copies_per_ng,Mock_ng_added_to_mock,Mock_copies_added_to_mock,Mock_conc_species_copies_ul,Mock_total_copies,Mock_total_volume_ul,Mock_total_conc_copies_ul
CPS_mock2,even,Merluccius productus,0.070582005,0.1235,2754.293798,22301.97407,6,133811.8444,2757.392861,1895835.118,48.52839301,39066.51344
CPS_mock2,even,Engraulis mordax,0.092207368,0.058,1689.829681,29134.9945,6,174809.967,3602.220394,1895835.118,48.52839301,39066.51344
CPS_mock2,even,Sardinops sagax,0.086369813,0.053,1446.39583,27290.48736,6,163742.9242,3374.167451,1895835.118,48.52839301,39066.51344
CPS_mock2,even,Scomber japonicus,0.075170998,0.051,1211.350452,23751.96965,6,142511.8179,2936.668804,1895835.118,48.52839301,39066.51344
CPS_mock2,even,Thunnus alalunga,0.005412323,0.063,107.7391472,1710.145194,6,10260.87116,211.4405717,1895835.118,48.52839301,39066.51344
CPS_mock2,even,Trachurus symmetricus,0.035351977,0.1155,1290.164245,11170.2532,6,67021.51922,1381.078479,1895835.118,48.52839301,39066.51344
CPS_mock2,even,Thaleichthys pacificus,0.060706659,0.09,1726.347244,19181.63604,6,115089.8163,2371.597515,1895835.118,48.52839301,39066.51344
CPS_mock2,even,Microstomus pacificus,0.035306792,0.1495,1667.818393,11155.97587,6,66935.85524,1379.313245,1895835.118,48.52839301,39066.51344
CPS_mock2,even,Clupea pallasii,0.025736509,0.061,496.0538044,8132.02958,6,48792.17748,1005.435673,1895835.118,48.52839301,39066.51344
CPS_mock2,even,Oncorhynchus nerka,0.119963874,0.132,5003.49794,37905.28742,6,227431.7245,4686.570283,1895835.118,48.52839301,39066.51344
CPS_mock2,even,Diaphus theta,0.01022646,0.1335,883.5687561,6618.492555,2.92932,19387.68261,399.5121497,1895835.118,48.52839301,39066.51344
CPS_mock2,even,Tarletonbeania crenularis,0.050878402,0.058,932.4182663,16076.17701,6,96457.06203,1987.641792,1895835.118,48.52839301,39066.51344
CPS_mock2,even,Tactostoma macropus,0.079960659,0.0575,1452.758834,25265.37103,6,151592.2262,3123.784176,1895835.118,48.52839301,39066.51344
CPS_mock2,even,Cottus confusus,0.054360252,0.087,1494.342094,17176.34591,6,103058.0754,2123.66553,1895835.118,48.52839301,39066.51344
CPS_mock2,even,Oncorhynchus keta,0.100387343,0.091,2886.487381,31719.64155,6,190317.8493,3921.783465,1895835.118,48.52839301,39066.51344
CPS_mock2,even,Citharichthys sordidus,0.097378566,0.1295,3984.579132,30768.95083,6,184613.705,3804.241054,1895835.118,48.52839301,39066.51344
CPS_mock2,skew,Merluccius productus,0.027349096,0.1235,2754.293798,22301.97407,4,89207.89629,1877.890904,3261822.501,47.50430183,68663.72887
CPS_mock2,skew,Engraulis mordax,0.071456971,0.058,1689.829681,29134.9945,8,233079.956,4906.502086,3261822.501,47.50430183,68663.72887
CPS_mock2,skew,Sardinops sagax,0.016733276,0.053,1446.39583,27290.48736,2,54580.97472,1148.969096,3261822.501,47.50430183,68663.72887
CPS_mock2,skew,Scomber japonicus,0.025486333,0.051,1211.350452,23751.96965,3.5,83131.89376,1749.986645,3261822.501,47.50430183,68663.72887
CPS_mock2,skew,Thunnus alalunga,0.001572874,0.063,107.7391472,1710.145194,3,5130.435581,107.9993892,3261822.501,47.50430183,68663.72887
CPS_mock2,skew,Trachurus symmetricus,0.008561359,0.1155,1290.164245,11170.2532,2.5,27925.63301,587.8548244,3261822.501,47.50430183,68663.72887
CPS_mock2,skew,Thaleichthys pacificus,0.00588065,0.09,1726.347244,19181.63604,1,19181.63604,403.7873478,3261822.501,47.50430183,68663.72887
CPS_mock2,skew,Microstomus pacificus,0.102604993,0.1495,1667.818393,11155.97587,30,334679.2762,7045.241448,3261822.501,47.50430183,68663.72887
CPS_mock2,skew,Clupea pallasii,0.004362914,0.061,496.0538044,8132.02958,1.75,14231.05177,299.5739589,3261822.501,47.50430183,68663.72887
CPS_mock2,skew,Oncorhynchus nerka,0.185934274,0.132,5003.49794,37905.28742,16,606484.5988,12766.94058,3261822.501,47.50430183,68663.72887
CPS_mock2,skew,Diaphus theta,0.001014539,0.1335,883.5687561,6618.492555,0.5,3309.246278,69.66203375,3261822.501,47.50430183,68663.72887
CPS_mock2,skew,Tarletonbeania crenularis,0.059143048,0.058,932.4182663,16076.17701,12,192914.1241,4060.982198,3261822.501,47.50430183,68663.72887
CPS_mock2,skew,Tactostoma macropus,0.154915671,0.0575,1452.758834,25265.37103,20,505307.4205,10637.08761,3261822.501,47.50430183,68663.72887
CPS_mock2,skew,Cottus confusus,0.09478573,0.087,1494.342094,17176.34591,18,309174.2263,6508.341654,3261822.501,47.50430183,68663.72887
CPS_mock2,skew,Oncorhynchus keta,0.145867724,0.091,2886.487381,31719.64155,15,475794.6232,10015.82183,3261822.501,47.50430183,68663.72887
CPS_mock2,skew,Citharichthys sordidus,0.094330549,0.1295,3984.579132,30768.95083,10,307689.5083,6477.087262,3261822.501,47.50430183,68663.72887
CPS_mock3,even,Anoplopoma fimbria,0.006804213,0.24,460.2708855,1917.795356,6,11506.77214,425.3377723,1691124.618,27.05325717,62510.94305
CPS_mock3,even,Sebastes entomelas,0.048196896,0.057,774.3160934,13584.49287,6,81506.9572,3012.833416,1691124.618,27.05325717,62510.94305
CPS_mock3,even,Ophiodon elongatus,0.04416832,0.0885,1101.738472,12449.02228,6,74694.13369,2761.003351,1691124.618,27.05325717,62510.94305
CPS_mock3,even,Oncorhynchus tshawytscha,0.006239318,0.0865,152.1169543,1758.577506,6,10551.46504,390.0256805,1691124.618,27.05325717,62510.94305
CPS_mock3,even,Oncorhynchus kisutch,0.073517262,0.103,2134.277619,20721.14193,6,124326.8516,4595.633376,1691124.618,27.05325717,62510.94305
CPS_mock3,even,Alosa sapidissima,0.036984731,0.271,2824.984833,10424.29828,6,62545.78966,2311.950434,1691124.618,27.05325717,62510.94305
CPS_mock3,even,Oncorhynchus mykiss,0.078302213,0.0725,1600.060493,22069.7999,6,132418.7994,4894.745154,1691124.618,27.05325717,62510.94305
CPS_mock3,even,Sardinops sagax,0.096824872,0.053,1446.39583,27290.48736,6,163742.9242,6052.614039,1691124.618,27.05325717,62510.94305
CPS_mock3,even,Merluccius productus,0.079125951,0.1235,2754.293798,22301.97407,6,133811.8444,4946.237845,1691124.618,27.05325717,62510.94305
CPS_mock3,even,Engraulis mordax,0.103369063,0.058,1689.829681,29134.9945,6,174809.967,6461.697603,1691124.618,27.05325717,62510.94305
CPS_mock3,even,Clupea pallasii,0,0.061,496.0538044,8132.02958,0,0,0,1691124.618,27.05325717,62510.94305
CPS_mock3,even,Trachurus symmetricus,0.039631331,0.1155,1290.164245,11170.2532,6,67021.51922,2477.391864,1691124.618,27.05325717,62510.94305
CPS_mock3,even,Citharichthys stigmaeus,0.051614547,0.074,1076.535118,14547.77186,6,87286.63119,3226.474012,1691124.618,27.05325717,62510.94305
CPS_mock3,even,Scomber japonicus,0.084270441,0.051,1211.350452,23751.96965,6,142511.8179,5267.824757,1691124.618,27.05325717,62510.94305
CPS_mock3,even,Stenobrachius leucopsarus,0.250950841,0.057,4031.696884,70731.52428,6,424389.1457,15687.17375,1691124.618,27.05325717,62510.94305
CPS_mock3,skew,Anoplopoma fimbria,0.009442477,0.24,460.2708855,1917.795356,20,38355.90713,751.4196398,4062059.791,51.04458959,79578.65512
CPS_mock3,skew,Sebastes entomelas,0.117048314,0.057,774.3160934,13584.49287,35,475457.2503,9314.547421,4062059.791,51.04458959,79578.65512
CPS_mock3,skew,Ophiodon elongatus,0.137911806,0.0885,1101.738472,12449.02228,45,560206.0027,10974.83606,4062059.791,51.04458959,79578.65512
CPS_mock3,skew,Oncorhynchus tshawytscha,0.002164638,0.0865,152.1169543,1758.577506,5,8792.887532,172.2589525,4062059.791,51.04458959,79578.65512
CPS_mock3,skew,Oncorhynchus kisutch,0.153034246,0.103,2134.277619,20721.14193,30,621634.258,12178.2595,4062059.791,51.04458959,79578.65512
CPS_mock3,skew,Alosa sapidissima,0.029404198,0.271,2824.984833,10424.29828,11.458,119441.6097,2339.946518,4062059.791,51.04458959,79578.65512
CPS_mock3,skew,Oncorhynchus mykiss,0.054331549,0.0725,1600.060493,22069.7999,10,220697.999,4323.63157,4062059.791,51.04458959,79578.65512
CPS_mock3,skew,Sardinops sagax,0.013436773,0.053,1446.39583,27290.48736,2,54580.97472,1069.280313,4062059.791,51.04458959,79578.65512
CPS_mock3,skew,Merluccius productus,0.038432181,0.1235,2754.293798,22301.97407,7,156113.8185,3058.381305,4062059.791,51.04458959,79578.65512
CPS_mock3,skew,Engraulis mordax,0.086069618,0.058,1689.829681,29134.9945,12,349619.934,6849.304438,4062059.791,51.04458959,79578.65512
CPS_mock3,skew,Clupea pallasii,0,0.061,496.0538044,8132.02958,0,0,0,4062059.791,51.04458959,79578.65512
CPS_mock3,skew,Trachurus symmetricus,0.004124848,0.1155,1290.164245,11170.2532,1.5,16755.37981,328.2498682,4062059.791,51.04458959,79578.65512
CPS_mock3,skew,Citharichthys stigmaeus,0.078790318,0.074,1076.535118,14547.77186,22,320050.981,6270.027511,4062059.791,51.04458959,79578.65512
CPS_mock3,skew,Scomber japonicus,0.014618181,0.051,1211.350452,23751.96965,2.5,59379.92412,1163.295162,4062059.791,51.04458959,79578.65512
CPS_mock3,skew,Stenobrachius leucopsarus,0.261190854,0.057,4031.696884,70731.52428,15,1060972.864,20785.21686,4062059.791,51.04458959,79578.65512
CPS_mock4,even,Artedius fenestralis,0.011886085,0.177,1250.186859,7063.202593,6,42379.21555,569.7411164,3565447.824,74.38328449,47933.45506
CPS_mock4,even,Gasterosteus aculeatus,0.051793118,0.0745,2292.931923,30777.6097,6,184665.6582,2482.623071,3565447.824,74.38328449,47933.45506
CPS_mock4,even,Pholis laeta,0.054803155,0.085,2768.135372,32566.29849,6,195397.791,2626.904584,3565447.824,74.38328449,47933.45506
CPS_mock4,even,Artedius harringtoni,0.084949268,0.064,3230.743271,50480.36361,6,302882.1816,4071.911904,3565447.824,74.38328449,47933.45506
CPS_mock4,even,Cymatogaster aggregata,0.046836218,0.0615,1711.66894,27832.01528,6,166992.0917,2245.021752,3565447.824,74.38328449,47933.45506
CPS_mock4,even,Leptocottus armatus,0.039304607,0.084,1961.939362,23356.42098,6,140138.5258,1884.005617,3565447.824,74.38328449,47933.45506
CPS_mock4,even,Nautichthys oculofasciatus,0.028240355,0.1575,2643.099709,16781.58545,6,100689.5127,1353.657793,3565447.824,74.38328449,47933.45506
CPS_mock4,even,Enophrys bison,0.013404192,0.097,772.6364517,7965.324244,6,47791.94546,642.5092114,3565447.824,74.38328449,47933.45506
CPS_mock4,even,Lumpenus sagitta,0.019238101,0.1765,2017.761055,11432.07397,6,68592.4438,922.1486288,3565447.824,74.38328449,47933.45506
CPS_mock4,even,Chitonotus pugetensis,0.11118081,0.071,4690.844279,66068.22928,6,396409.3757,5329.280341,3565447.824,74.38328449,47933.45506
CPS_mock4,even,Artedius fenetralis,0.054139519,0.068,2187.691803,32171.93828,6,193031.6297,2595.094194,3565447.824,74.38328449,47933.45506
CPS_mock4,even,Oncorhynchus tshawytscha,0.002959366,0.0865,152.1169543,1758.577506,6,10551.46504,141.8526368,3565447.824,74.38328449,47933.45506
CPS_mock4,even,Oncorhynchus kisutch,0.034869912,0.103,2134.277619,20721.14193,6,124326.8516,1671.435356,3565447.824,74.38328449,47933.45506
CPS_mock4,even,Cottus confusus,0.028904665,0.087,1494.342094,17176.34591,6,103058.0755,1385.500468,3565447.824,74.38328449,47933.45506
CPS_mock4,even,Oncorhynchus nerka,0.063787702,0.132,5003.49794,37905.28742,6,227431.7245,3057.564963,3565447.824,74.38328449,47933.45506
CPS_mock4,even,Oncorhynchus keta,0.053378386,0.091,2886.487381,31719.64155,6,190317.8493,2558.610454,3565447.824,74.38328449,47933.45506
CPS_mock4,even,Oncorhynchus mykiss,0.037139458,0.0725,1600.060493,22069.7999,6,132418.7994,1780.222537,3565447.824,74.38328449,47933.45506
CPS_mock4,even,Sardinops sagax,0.045924925,0.053,1446.39583,27290.48736,6,163742.9242,2201.340332,3565447.824,74.38328449,47933.45506
CPS_mock4,even,Merluccius productus,0.037530165,0.1235,2754.293798,22301.97407,6,133811.8444,1798.950467,3565447.824,74.38328449,47933.45506
CPS_mock4,even,Engraulis mordax,0.049028895,0.058,1689.829681,29134.9945,6,174809.967,2350.124335,3565447.824,74.38328449,47933.45506
CPS_mock4,even,Clupea pallasii,0.003900147,0.061,496.0538044,8132.02958,1.71,13905.77058,186.9475202,3565447.824,74.38328449,47933.45506
CPS_mock4,even,Trachurus symmetricus,0.018797504,0.1155,1290.164245,11170.2532,6,67021.51923,901.0293064,3565447.824,74.38328449,47933.45506
CPS_mock4,even,Thaleichthys pacificus,0.002136883,0.09,1726.347244,19181.63604,0.3972,7618.945837,102.4281986,3565447.824,74.38328449,47933.45506
CPS_mock4,even,Zalophus californianus,0.045350601,0.437,11776.80048,26949.20018,6,161695.201,2173.810986,3565447.824,74.38328449,47933.45506
CPS_mock4,even,Tursiops truncatus,0.060515965,0.355,12766.18548,35961.08586,6,215766.5152,2900.739281,3565447.824,74.38328449,47933.45506
CPS_mock4,skew,Artedius fenestralis,0.002882535,0.177,1250.186859,7063.202593,4.3663,30840.06148,95.88718139,10698935.94,321.6286164,33264.87569
CPS_mock4,skew,Gasterosteus aculeatus,0.048903869,0.0745,2292.931923,30777.6097,17,523219.365,1626.781133,10698935.94,321.6286164,33264.87569
CPS_mock4,skew,Pholis laeta,0.012175528,0.085,2768.135372,32566.29849,4,130265.194,405.0174249,10698935.94,321.6286164,33264.87569
CPS_mock4,skew,Artedius harringtoni,0.141547806,0.064,3230.743271,50480.36361,30,1514410.908,4708.570167,10698935.94,321.6286164,33264.87569
CPS_mock4,skew,Cymatogaster aggregata,0.019510362,0.0615,1711.66894,27832.01528,7.5,208740.1146,649.0097708,10698935.94,321.6286164,33264.87569
CPS_mock4,skew,Leptocottus armatus,0.020739072,0.084,1961.939362,23356.42098,9.5,221885.9993,689.882641,10698935.94,321.6286164,33264.87569
CPS_mock4,skew,Nautichthys oculofasciatus,0.034507626,0.1575,2643.099709,16781.58545,22,369194.8799,1147.891889,10698935.94,321.6286164,33264.87569
CPS_mock4,skew,Enophrys bison,0.019356918,0.097,772.6364517,7965.324244,26,207098.4303,643.9054852,10698935.94,321.6286164,33264.87569
CPS_mock4,skew,Lumpenus sagitta,0.040603927,0.1765,2017.761055,11432.07397,38,434418.8108,1350.684574,10698935.94,321.6286164,33264.87569
CPS_mock4,skew,Chitonotus pugetensis,0.108066262,0.071,4690.844279,66068.22928,17.5,1156194.012,3594.810763,10698935.94,321.6286164,33264.87569
CPS_mock4,skew,Artedius fenetralis,0.063147467,0.068,2187.691803,32171.93828,21,675610.7039,2100.592638,10698935.94,321.6286164,33264.87569
CPS_mock4,skew,Oncorhynchus tshawytscha,0.000821847,0.0865,152.1169543,1758.577506,5,8792.88753,27.33863556,10698935.94,321.6286164,33264.87569
CPS_mock4,skew,Oncorhynchus kisutch,0.034861463,0.103,2134.277619,20721.14193,18,372980.5547,1159.662218,10698935.94,321.6286164,33264.87569
CPS_mock4,skew,Cottus confusus,0.024081384,0.087,1494.342094,17176.34591,15,257645.1887,801.0642572,10698935.94,321.6286164,33264.87569
CPS_mock4,skew,Oncorhynchus nerka,0.031886123,0.132,5003.49794,37905.28742,9,341147.5868,1060.687916,10698935.94,321.6286164,33264.87569
CPS_mock4,skew,Oncorhynchus keta,0.029647473,0.091,2886.487381,31719.64155,10,317196.4155,986.219507,10698935.94,321.6286164,33264.87569
CPS_mock4,skew,Oncorhynchus mykiss,0.022690836,0.0725,1600.060493,22069.7999,11,242767.799,754.8078331,10698935.94,321.6286164,33264.87569
CPS_mock4,skew,Sardinops sagax,0.004463841,0.053,1446.39583,27290.48736,1.75,47758.35288,148.4891283,10698935.94,321.6286164,33264.87569
CPS_mock4,skew,Merluccius productus,0.009380268,0.1235,2754.293798,22301.97407,4.5,100358.8833,312.0334391,10698935.94,321.6286164,33264.87569
CPS_mock4,skew,Engraulis mordax,0.016339005,0.058,1689.829681,29134.9945,6,174809.967,543.5149675,10698935.94,321.6286164,33264.87569
CPS_mock4,skew,Clupea pallasii,0.001299734,0.061,496.0538044,8132.02958,1.71,13905.77058,43.23548923,10698935.94,321.6286164,33264.87569
CPS_mock4,skew,Trachurus symmetricus,0.001566079,0.1155,1290.164245,11170.2532,1.5,16755.37981,52.09542608,10698935.94,321.6286164,33264.87569
CPS_mock4,skew,Thaleichthys pacificus,0.000712122,0.09,1726.347244,19181.63604,0.3972,7618.945837,23.68864413,10698935.94,321.6286164,33264.87569
CPS_mock4,skew,Zalophus californianus,0.125943366,0.437,11776.80048,26949.20018,50,1347460.009,4189.490426,10698935.94,321.6286164,33264.87569
CPS_mock4,skew,Tursiops truncatus,0.184865087,0.355,12766.18548,35961.08586,55,1977859.722,6149.514133,10698935.94,321.6286164,33264.87569
