BestTaxon,Class,MV1-CPS-mock2-even-d1-1_S47,MV1-CPS-mock2-even-d1-2_S48,MV1-CPS-mock2-even-d1-3_S49,MV1-CPS-mock2-skew-d1-1_S55,MV1-CPS-mock2-skew-d1-2_S56,MV1-CPS-mock2-skew-d1-3_S57,MV1-CPS-mock3-even-d1-1_S50,MV1-CPS-mock3-even-d1-2_S51,MV1-CPS-mock3-even-d1-3_S52,MV1-CPS-mock3-skew-d1-1_S58,MV1-CPS-mock3-skew-d1-2_S59,MV1-CPS-mock3-skew-d1-3_S60,MV1-CPS-mock4-even-d1-1_S121,MV1-CPS-mock4-even-d1-2_S122,MV1-CPS-mock4-even-d1-3_S123,MV1-CPS-mock4-skew-d1-1_S124,MV1-CPS-mock4-skew-d1-2_S125,MV1-CPS-mock4-skew-d1-3_S126,MV1-CPSmock2-even-d10-1-h_S1,MV1-CPSmock2-even-d10-1-l_S55,MV1-CPSmock2-even-d10-2-h_S2,MV1-CPSmock2-even-d10-2-l_S56,MV1-CPSmock2-even-d10-3-h_S3,MV1-CPSmock2-even-d10-3-l_S57,MV1-CPSmock2-even-d100-1-h_S19,MV1-CPSmock2-even-d100-2-h_S20,MV1-CPSmock2-even-d100-3-h_S21,MV1-CPSmock2-even-d1000-1-h_S37,MV1-CPSmock2-even-d1000-2-h_S38,MV1-CPSmock2-even-d1000-3-h_S39,MV1-CPSmock2-skew-d10-1-h_S4,MV1-CPSmock2-skew-d10-1-l_S58,MV1-CPSmock2-skew-d10-2-h_S5,MV1-CPSmock2-skew-d10-2-l_S59,MV1-CPSmock2-skew-d10-3-h_S6,MV1-CPSmock2-skew-d10-3-l_S60,MV1-CPSmock2-skew-d100-1-h_S22,MV1-CPSmock2-skew-d100-2-h_S23,MV1-CPSmock2-skew-d100-3-h_S24,MV1-CPSmock2-skew-d1000-1-h_S40,MV1-CPSmock2-skew-d1000-2-h_S41,MV1-CPSmock2-skew-d1000-3-h_S42,MV1-CPSmock3-even-d10-1-h_S7,MV1-CPSmock3-even-d10-1-l_S61,MV1-CPSmock3-even-d10-2-h_S8,MV1-CPSmock3-even-d10-2-l_S62,MV1-CPSmock3-even-d10-3-h_S9,MV1-CPSmock3-even-d10-3-l_S63,MV1-CPSmock3-even-d100-1-h_S25,MV1-CPSmock3-even-d100-2-h_S26,MV1-CPSmock3-even-d100-3-h_S27,MV1-CPSmock3-even-d1000-1-h_S43,MV1-CPSmock3-even-d1000-2-h_S44,MV1-CPSmock3-even-d1000-3-h_S45,MV1-CPSmock3-skew-d10-1-h_S10,MV1-CPSmock3-skew-d10-1-l_S64,MV1-CPSmock3-skew-d10-2-h_S11,MV1-CPSmock3-skew-d10-2-l_S65,MV1-CPSmock3-skew-d10-3-h_S12,MV1-CPSmock3-skew-d10-3-l_S66,MV1-CPSmock3-skew-d100-1-h_S28,MV1-CPSmock3-skew-d100-2-h_S29,MV1-CPSmock3-skew-d100-3-h_S30,MV1-CPSmock3-skew-d1000-1-h_S46,MV1-CPSmock3-skew-d1000-2-h_S47,MV1-CPSmock3-skew-d1000-3-h_S48,MV1-CPSmock4-even-d10-1-h_S13,MV1-CPSmock4-even-d10-1-l_S67,MV1-CPSmock4-even-d10-2-h_S14,MV1-CPSmock4-even-d10-2-l_S68,MV1-CPSmock4-even-d10-3-h_S15,MV1-CPSmock4-even-d10-3-l_S69,MV1-CPSmock4-even-d100-1-h_S31,MV1-CPSmock4-even-d100-2-h_S32,MV1-CPSmock4-even-d100-3-h_S33,MV1-CPSmock4-even-d1000-1-h_S49,MV1-CPSmock4-even-d1000-2-h_S50,MV1-CPSmock4-even-d1000-3-h_S51,MV1-CPSmock4-skew-d10-1-h_S16,MV1-CPSmock4-skew-d10-1-l_S70,MV1-CPSmock4-skew-d10-2-h_S17,MV1-CPSmock4-skew-d10-2-l_S71,MV1-CPSmock4-skew-d10-3-h_S18,MV1-CPSmock4-skew-d10-3-l_S72,MV1-CPSmock4-skew-d100-1-h_S34,MV1-CPSmock4-skew-d100-2-h_S35,MV1-CPSmock4-skew-d100-3-h_S36,MV1-CPSmock4-skew-d1000-1-h_S52,MV1-CPSmock4-skew-d1000-2-h_S53,MV1-CPSmock4-skew-d1000-3-h_S54
Alosa sapidissima,Actinopteri,0,0,3,0,0,0,2803,2816,2147,2601,1547,2117,0,0,0,0,0,0,0,0,0,0,0,0,0,0,0,0,0,0,0,0,0,0,0,0,0,0,0,0,0,0,5027,27,7014,29,2886,59,2327,3693,1959,0,0,243,5132,105,6439,27,2758,29,2546,4118,1319,4402,3195,1596,0,0,0,0,0,0,0,0,0,0,0,0,0,0,0,0,0,0,0,0,0,0,0,0
Anoplopoma fimbria,Actinopteri,7,0,0,0,0,0,1009,1047,709,1192,750,1049,0,0,0,0,0,0,0,0,0,0,0,0,0,0,0,0,0,0,0,0,0,0,0,0,0,0,0,0,0,0,2058,15,2656,13,1006,14,919,1453,875,0,0,0,2569,44,3633,13,1368,16,1371,1492,830,552,523,1335,13,0,0,0,0,0,0,0,0,0,0,0,0,0,0,0,0,0,0,0,0,0,0,0
Artedius fenestralis,Actinopteri,0,0,0,0,0,0,0,0,0,0,0,0,8521,11101,5685,10133,11319,29187,0,0,0,0,0,0,0,0,0,0,0,0,0,0,0,0,0,0,0,0,0,0,0,0,0,0,0,0,0,0,0,0,0,0,0,0,0,0,0,0,0,0,0,0,0,0,0,0,8487,57,20312,45,7312,142,6031,9924,8554,6756,21608,2125,4472,38,8340,60,6230,230,7776,3348,6590,2327,19446,51315
Artedius harringtoni,Actinopteri,0,0,0,0,0,0,0,0,0,0,0,0,9993,13083,6677,25689,25577,65764,0,0,0,0,0,0,0,0,0,0,0,0,0,0,0,0,0,0,0,0,0,0,0,0,0,0,0,0,0,0,0,0,0,0,0,0,0,0,0,0,0,0,0,0,0,0,0,0,10090,110,22159,63,8566,182,5379,9413,9002,9767,47841,1541,9766,80,18339,130,13188,465,18470,4927,12145,8148,43664,38226
Chitonotus pugetensis,Actinopteri,0,0,0,0,0,0,0,0,0,0,0,0,8341,11358,5335,12447,13970,35277,0,0,0,0,0,0,0,0,0,0,0,0,0,0,0,0,0,0,0,0,0,0,0,0,0,0,0,0,0,0,0,0,0,0,0,0,0,0,0,0,0,0,0,0,0,0,0,0,9946,95,18573,70,7248,169,5267,9421,8696,5035,23273,1925,6031,48,10225,70,7265,330,9591,3572,7523,4095,25986,42728
Citharichthys sordidus,Actinopteri,20475,11461,10447,25899,7682,9847,5,11,7,21,7,11,0,0,2,6,5,4,12945,205,9432,271,10314,126,41745,13547,19108,5442,2131,1894,23054,323,21390,220,27895,291,23353,28433,8362,27202,6696,6170,0,0,46,0,10,0,0,0,0,0,0,0,32,0,11,0,22,0,0,26,0,0,0,0,4,0,43,0,0,0,0,0,0,0,0,0,13,0,0,0,0,0,0,0,0,0,0,0
Citharichthys stigmaeus,Actinopteri,0,0,0,0,0,0,9780,9231,6797,12921,8079,10148,0,0,0,0,0,0,0,0,0,0,0,0,0,0,0,0,0,0,0,0,8,0,0,0,0,0,0,0,0,0,16319,96,23484,107,8165,129,6102,10512,5789,11537,460,0,23716,263,30285,123,12287,107,12086,15110,6148,11189,4222,3379,0,0,0,0,0,0,0,0,0,0,0,0,0,0,0,0,0,0,0,0,0,0,0,0
Microstomus pacificus,Actinopteri,5311,3035,3092,23057,6251,8647,0,0,4,0,0,4,0,0,0,0,0,0,4099,56,3334,82,2994,45,10479,3186,5085,1390,509,675,18757,246,19193,199,22387,248,22189,25605,6972,25592,3848,5803,0,0,0,0,3,0,0,0,0,0,0,0,0,0,0,0,0,0,0,0,0,0,0,0,0,0,0,0,0,0,0,0,0,0,0,0,0,0,0,0,0,0,0,0,0,0,0,0
Clupea pallasii,Actinopteri,5289,3153,2848,1318,364,527,0,0,0,0,0,0,595,797,381,251,244,731,4237,58,2788,77,3132,48,8472,3735,5989,390,168,389,1296,20,1425,22,1661,18,1840,2040,315,3,0,0,0,0,0,0,0,0,0,0,0,0,0,0,0,0,0,0,0,0,0,0,0,0,0,0,590,5,1533,0,614,16,615,739,717,1031,5605,0,174,0,156,0,288,3,209,122,111,0,3482,5991
Leptocottus armatus,Actinopteri,0,0,0,0,0,0,0,0,0,0,0,0,2355,3021,1439,1685,1746,4611,0,0,0,0,0,0,0,0,0,0,0,0,0,0,0,0,0,0,0,0,0,0,0,0,0,0,0,0,0,0,0,0,0,0,0,0,0,0,0,0,0,0,0,0,0,0,0,0,2625,24,6072,11,2231,59,1642,3739,2452,4031,19645,553,852,9,1635,14,1100,64,1454,339,1642,749,4648,8167
Cottus confusus,Actinopteri,9661,6288,5693,29415,7874,10786,0,0,0,0,0,0,1857,2622,1240,2305,2625,7358,5742,82,5814,148,5433,72,16034,5913,10398,2192,1236,647,24864,357,22634,244,28813,289,21979,29508,8622,17778,3578,3955,0,0,0,0,0,0,0,0,0,0,0,0,0,0,0,0,0,0,0,0,0,0,0,0,2343,16,4569,12,1741,34,1194,2501,2369,2129,22432,716,1335,9,2333,18,1734,51,1538,882,906,0,5429,13091
Enophrys bison,Actinopteri,0,0,0,0,0,0,0,0,0,0,0,0,839,1047,540,1856,1976,5284,0,0,0,0,0,0,0,0,0,0,0,0,0,0,0,0,0,0,0,0,0,0,0,0,0,0,0,0,0,0,0,0,0,0,0,0,0,0,0,0,0,0,0,0,0,0,0,0,1152,20,1935,9,828,25,593,1061,1298,873,9654,682,947,4,1724,12,1326,56,1898,492,2140,0,3038,3584
Diaphus theta,Actinopteri,16,5,16,0,4,3,0,0,0,0,0,0,0,0,0,0,0,0,8,0,11,0,35,0,0,0,0,0,0,0,57,0,0,0,0,0,0,0,0,0,0,0,0,0,0,0,0,0,0,0,0,0,0,0,0,0,0,0,0,0,0,0,36,0,0,0,0,0,8,0,0,0,0,0,0,0,0,0,0,0,0,0,0,0,0,0,0,0,0,0
Engraulis mordax,Actinopteri,16513,9936,8705,21677,5872,7414,15853,14649,10723,12177,7017,9653,5125,6882,3496,2443,2544,6908,11864,194,9397,278,9363,116,38754,9713,19275,5761,2054,2073,17053,251,16634,166,22777,247,20203,22490,6493,15027,4347,3161,25136,139,33093,152,12643,175,9661,16159,10287,18215,139,1788,22591,338,28091,99,11274,96,10423,12633,6583,4727,5582,3133,5920,66,13851,34,5013,79,2835,4526,4677,3082,11797,809,1240,9,2326,20,1528,62,565,669,1953,0,5014,2065
Gasterosteus aculeatus,Actinopteri,0,0,0,0,0,0,0,0,0,0,0,0,3090,4267,1949,4234,4711,12827,0,0,0,0,0,0,0,0,0,0,0,0,0,0,0,0,0,0,0,0,0,0,0,0,0,0,0,0,0,0,0,0,0,0,0,0,0,0,0,0,0,0,0,0,0,0,0,0,4154,52,8112,28,2800,65,1896,3636,2552,4473,32936,1684,2232,16,3834,30,2917,104,4102,1220,2375,761,9114,9062
Lumpenus sagitta,Actinopteri,0,0,0,0,0,0,0,0,0,0,0,0,1587,2291,1028,6663,6765,18364,0,0,0,0,0,0,0,0,0,0,0,0,0,0,0,0,0,0,0,0,0,0,0,0,0,0,0,0,0,0,0,0,0,0,0,0,0,0,0,0,0,0,0,0,0,0,0,0,1819,18,4983,15,1853,47,1019,2354,1708,3323,18986,1072,3345,25,5901,47,3975,185,6551,2483,4850,5353,11786,37264
Merluccius productus,Actinopteri,10773,6663,5868,6307,1499,2143,11167,10946,7786,4222,2438,3332,3065,4216,1949,751,816,2225,7176,95,5553,150,5817,59,21044,6544,13111,1916,1431,919,5520,75,5158,48,6420,67,6389,4986,2223,633,1539,886,17363,84,24978,107,8964,100,6686,10474,6663,10473,623,1202,8692,123,11618,42,4594,32,2828,4356,2022,1078,2062,6,3289,26,7623,20,2910,66,2114,3829,2899,1806,20125,677,326,3,884,6,552,15,527,341,484,0,2552,4670
Nautichthys oculofasciatus,Actinopteri,0,0,0,0,0,0,0,0,0,0,0,0,3168,4215,2202,5469,5968,16870,0,0,0,0,0,0,0,0,0,0,0,0,0,0,0,0,0,0,0,0,0,0,0,0,0,0,0,0,0,0,0,0,0,0,0,0,0,0,0,0,0,0,0,0,0,0,0,0,3520,35,8119,31,3113,56,2056,3261,2891,2441,5749,580,3081,21,5621,25,3816,178,3928,1526,4095,3728,15335,13627
Oncorhynchus mykiss,Actinopteri,0,0,0,0,0,0,4484,4330,3291,2248,1334,1763,2806,3960,1769,2570,2651,7304,0,0,0,0,0,0,0,0,0,0,0,0,0,0,0,0,0,0,0,0,0,0,0,0,8175,73,11166,67,3731,67,3766,4944,3486,10611,270,451,4381,59,6491,34,2699,29,2529,3390,1243,4096,870,1638,1791,0,4407,0,1461,30,860,2769,1600,0,0,130,779,0,1316,0,1018,23,1180,346,784,1192,4829,0
Oncorhynchus keta,Actinopteri,6715,3824,3405,12777,3806,4827,0,0,0,0,0,0,2807,3704,1976,2646,2705,7285,4855,62,3783,113,3321,49,11854,4894,7013,4158,1151,400,10147,149,10772,104,12683,140,11952,15642,4945,9347,2564,3124,0,0,0,0,0,0,0,0,0,0,0,0,0,0,0,0,0,0,0,0,0,0,0,0,3134,26,6481,0,2519,31,1545,2789,2067,2266,10128,962,1074,0,1708,0,1597,65,1915,813,1060,608,4351,0
Oncorhynchus kisutch,Actinopteri,0,0,0,0,0,0,5163,4776,3504,10727,6576,8572,2280,3149,1546,3822,4417,11253,0,0,0,0,0,0,0,139,117,0,0,0,0,0,0,0,0,0,0,0,0,0,0,0,8061,69,10705,61,4104,77,4038,4367,3631,11228,0,449,19502,297,23761,100,9888,94,9344,12631,5272,5843,4330,5135,2494,19,4833,0,1986,37,943,2078,2411,433,6803,312,1508,0,2843,13,2427,94,2953,551,2921,0,9076,5517
Oncorhynchus nerka,Actinopteri,19824,10939,9094,37382,10901,13388,0,0,0,0,0,0,7021,9867,4740,5516,5907,16061,12994,239,10188,274,10360,113,36156,11295,20594,12034,2392,2747,27582,422,28361,260,36533,442,36955,38496,12570,57094,9793,9334,0,0,0,0,0,0,0,0,0,0,0,0,0,0,0,0,0,0,0,0,0,0,0,0,7414,73,17645,74,6171,125,4623,6956,4839,3541,27651,3099,2842,36,3974,57,3164,131,3302,860,2104,3648,6720,7440
Oncorhynchus tshawytscha,Actinopteri,3902,2127,1924,2103,587,730,2645,2429,1975,744,428,577,1144,1494,699,532,541,1450,2768,42,1936,71,1900,26,7589,2192,4038,2034,647,1003,1686,30,1813,21,2113,23,2491,1818,844,920,839,912,4940,47,6777,54,2454,48,2216,3077,1854,0,0,464,1384,22,1864,0,707,0,834,1237,609,1099,1456,456,1195,13,2495,0,1027,23,620,1223,1002,1428,13846,0,414,0,551,0,371,24,380,66,615,0,1095,5275
Ophiodon elongatus,Actinopteri,0,0,6,12,0,0,6009,5825,4237,17180,10330,13283,0,0,0,0,0,0,0,0,0,0,6,0,0,0,0,0,0,0,0,0,7,0,15,0,0,0,0,0,0,0,9816,69,13031,67,4582,71,3950,5233,3830,2695,321,0,30308,496,41095,148,16280,132,14817,20683,8374,16072,2462,7170,0,0,0,0,0,0,0,0,0,0,0,0,0,0,0,0,0,0,0,0,0,0,0,0
Pholis laeta,Actinopteri,0,0,0,0,0,0,86,83,54,83,54,58,7034,9849,4712,1687,1614,4650,0,0,0,0,0,0,0,0,0,0,0,0,26,0,0,0,0,0,0,0,0,0,0,0,158,0,193,0,44,0,0,81,123,0,0,0,260,0,166,0,84,0,54,0,32,0,0,0,7275,77,18344,51,6696,138,4435,7428,7200,5136,30609,3023,890,9,1523,12,940,51,1618,625,1596,0,488,12851
Sardinops sagax,Actinopteri,14235,8276,7374,3989,1127,1468,12311,11543,8414,1300,777,999,6729,9428,4153,760,858,2303,9849,163,7648,208,7525,93,32501,9021,15391,3753,1751,1869,3455,39,3714,34,4544,54,3009,5230,1175,0,1648,697,20642,134,26946,115,9928,146,7453,13124,8534,19542,1259,1033,2741,40,3993,11,1690,16,1479,1431,626,2281,194,25,7529,70,15420,34,5928,112,4087,7398,6413,4132,19617,1321,320,3,920,5,500,17,546,369,412,0,2847,2202
Scomber japonicus,Actinopteri,12116,7087,6286,5733,1473,2253,10913,10070,7632,1176,826,974,0,0,0,0,0,0,8663,144,6537,171,6556,85,23252,7002,10978,4268,973,1618,5909,100,5159,67,6867,81,6955,6246,1794,1287,1130,646,18957,113,25094,124,9119,133,7158,10819,6451,2333,0,1214,2835,37,3955,12,1363,18,1725,1231,855,0,0,998,0,0,0,0,0,0,0,0,0,0,0,0,0,0,0,0,0,0,0,0,0,0,0,0
Sebastes entomelas,Actinopteri,0,0,0,0,0,0,6494,6230,4312,13401,8116,10235,0,0,0,0,0,0,0,0,0,0,0,0,0,0,0,0,0,0,0,0,0,0,0,0,0,0,0,0,0,0,10921,66,14116,56,5653,85,4100,7424,4233,4577,0,0,25908,419,33685,127,13152,102,12925,14236,7333,8656,4101,2786,0,0,0,0,0,0,0,0,0,0,0,0,0,0,0,0,0,0,0,0,0,0,0,0
Stenobrachius leucopsarus,Actinopteri,0,3,0,2,0,0,47081,41564,28753,32272,18190,22087,0,0,0,0,0,0,0,0,0,0,0,0,0,0,0,0,0,0,0,0,30,0,15,0,78,0,0,0,0,0,77515,351,101913,461,37111,455,32427,45092,29095,60789,549,2054,77487,696,83789,308,41033,258,33818,30898,21121,16121,11705,10063,0,0,0,0,0,0,0,0,0,0,0,0,0,0,0,0,0,0,0,0,0,0,0,0
Tactostoma macropus,Actinopteri,6884,4115,3545,16572,4870,6348,0,0,0,0,0,0,0,0,0,0,0,0,6797,98,4484,128,5036,58,20572,4243,10346,2929,1119,407,16668,279,17327,201,21844,277,21760,21144,6715,29850,7045,5035,0,0,0,0,0,0,0,0,0,0,0,0,0,0,0,0,0,0,0,0,0,0,0,0,0,0,0,0,0,0,0,0,0,0,0,0,0,0,0,0,0,0,0,0,0,0,0,0
Tarletonbeania crenularis,Actinopteri,9153,5367,5059,15643,4093,5594,0,0,0,0,0,0,0,0,0,0,0,0,6107,78,4802,133,5236,65,15032,3913,8630,1532,1344,536,14102,206,12170,131,15636,160,10252,13574,4899,14377,2530,1883,0,0,0,0,0,0,0,0,0,0,0,0,0,0,0,0,0,0,0,0,0,0,0,0,0,0,0,0,0,0,0,0,0,0,0,0,0,0,0,0,0,0,0,0,0,0,0,0
Thaleichthys pacificus,Actinopteri,5496,3407,3380,625,188,230,0,0,0,0,0,0,105,102,67,55,56,165,3940,64,3078,87,3049,41,15983,3529,6856,2278,827,780,718,7,513,11,646,9,1112,551,198,534,0,173,0,0,0,0,4,0,0,0,0,0,0,0,0,0,0,0,0,0,0,0,0,0,0,0,131,0,294,0,93,0,139,35,121,968,0,0,29,0,21,0,52,0,0,47,57,0,17,0
Thunnus alalunga,Actinopteri,358,284,234,170,43,63,0,0,0,0,0,0,0,0,0,0,0,0,197,5,301,8,269,5,356,422,260,0,0,0,193,5,199,0,251,0,141,163,11,0,0,0,0,0,0,0,0,0,0,0,0,0,0,0,0,0,0,0,0,0,0,0,0,0,0,0,0,0,0,0,0,0,0,0,0,0,0,0,0,0,0,0,0,0,0,0,0,0,0,0
Trachurus symmetricus,Actinopteri,2603,1565,1503,641,190,243,2476,2147,1631,129,82,91,686,860,412,18,33,50,1958,21,1404,44,1568,20,5008,1283,1422,883,323,564,692,9,590,6,742,8,1037,1057,180,0,0,0,4036,19,5240,22,2059,23,1601,2746,1699,0,0,0,414,0,490,0,137,0,222,298,145,565,0,0,613,8,1388,6,652,19,312,783,834,0,14311,294,0,0,16,0,32,0,0,0,66,0,0,0
Tursiops truncatus,Mammalia,0,0,0,0,0,0,0,0,0,0,0,0,4053,5681,2574,19818,20929,57764,0,0,0,0,0,0,0,0,0,0,0,0,0,0,0,0,0,0,0,0,0,0,0,0,0,0,0,0,0,0,0,0,0,0,0,0,0,0,0,0,0,0,0,0,0,0,0,0,4478,21,9727,26,3784,57,2466,4322,5272,6111,57995,2234,9947,90,17112,97,13823,486,15725,5236,14358,3218,37583,60323
Zalophus californianus,Mammalia,0,0,0,0,0,0,0,0,0,0,0,0,4318,5663,2741,16929,18133,50102,0,0,0,0,0,0,0,0,0,0,0,0,0,0,0,0,0,0,0,0,0,0,0,0,0,0,0,0,0,0,0,0,0,0,0,0,0,0,0,0,0,0,0,0,0,0,0,0,4247,50,12199,38,4033,74,2640,4521,4137,1387,12197,0,8410,54,14320,110,11231,385,8707,3824,8855,2959,21214,32742
